"","long","lat","BIO1","BIO2","BIO3","BIO4","BIO5","BIO6","BIO7","BIO8","BIO9","BIO10","BIO11","BIO12","BIO13","BIO14","BIO15","BIO16","BIO17","BIO18","BIO19"
"1",16.265768,58.965089,63,75,26,7168,218,-64,282,146,3,158,-26,587,69,30,27,198,97,188,123
"2",11.951618,57.688045,74,65,26,6589,203,-42,245,125,18,159,-9,765,86,42,25,245,129,206,180
"3",16.246086,56.6744,76,64,25,6558,213,-34,247,155,19,162,-5,504,60,30,21,164,91,152,113
"4",9.425926,49.00325,89,87,33,6444,231,-30,261,170,17,170,5,736,92,45,24,250,139,250,148
"5",16.477348,56.667638,76,63,25,6574,213,-33,246,156,20,163,-4,493,59,28,23,162,87,148,110
"6",10.657231,48.846027,84,86,31,6716,230,-39,269,168,9,168,-5,727,92,43,28,259,133,259,141
"7",-122.174964,47.309575,105,106,43,4979,249,3,246,47,170,170,45,1081,160,26,50,469,111,111,427
"8",17.597323,59.803944,57,70,24,7493,209,-74,283,143,-5,155,-36,557,71,27,31,199,87,188,115
"9",8.556223,49.503319,101,87,33,6466,247,-15,262,184,30,184,18,645,74,41,20,210,127,210,137
"10",10.457098,48.574024,85,85,31,6678,231,-37,268,169,11,169,-3,758,98,43,30,275,135,275,142
"11",174.737235,-36.876704,151,80,46,3125,240,67,173,111,191,191,111,1288,140,74,19,410,261,261,410
"12",-118.144959,34.245606,148,141,47,5680,316,16,300,89,222,227,83,567,110,1,89,317,8,19,297
"13",6.721069,58.661668,51,47,23,5443,156,-43,199,28,70,122,-14,1832,218,89,30,641,286,382,430
"14",8.508396,49.413429,103,86,32,6488,248,-15,263,185,31,185,19,655,76,42,20,212,129,212,139
"15",10.567646,52.949051,86,84,32,6363,229,-28,257,168,39,168,4,632,69,37,19,204,124,204,136
"16",16.795972,60.624804,50,81,26,7899,213,-95,308,140,-12,153,-51,611,81,31,29,218,102,201,127
"17",-118.008083,33.70444,172,108,54,3162,271,72,199,137,207,215,134,288,64,0,92,168,3,8,162
"18",8.636156,49.62579,97,87,32,6513,243,-22,265,180,25,180,12,668,76,42,19,214,133,214,144
"19",9.538427,47.621808,92,84,30,6738,238,-33,271,177,18,177,4,1043,129,58,29,377,178,377,191
"20",8.805542,52.87949,87,80,33,5945,217,-20,237,162,42,162,11,748,83,48,17,232,148,232,170
"21",18.043309,59.3025,70,64,23,7268,222,-48,270,156,10,168,-18,527,66,25,30,183,83,174,113
"22",9.764957,51.473473,75,81,33,6107,208,-36,244,152,31,152,-4,827,90,55,16,254,169,254,198
"23",29.065876,40.879743,NA,NA,NA,NA,NA,NA,NA,NA,NA,NA,NA,NA,NA,NA,NA,NA,NA,NA,NA
"24",8.499363,49.452267,102,86,32,6448,247,-15,262,184,31,184,18,650,75,42,19,209,129,209,139
"25",19.073443,59.88222,55,67,24,7257,206,-68,274,143,-4,153,-32,511,62,25,31,176,81,153,112
"26",10.653804,59.370799,71,54,21,6906,204,-44,248,123,12,162,-14,732,87,37,26,247,130,208,143
"27",16.242888,59.560225,60,79,26,7455,221,-74,295,146,0,159,-32,606,73,31,27,209,99,199,124
"28",8.697086,49.680798,90,86,32,6495,234,-28,262,173,48,173,6,728,80,47,17,227,149,227,164
"29",10.263677,48.909435,77,84,32,6578,220,-42,262,160,4,160,-9,763,95,46,26,266,145,266,153
"30",19.012268,69.713983,22,54,24,5867,150,-72,222,-12,44,104,-45,932,119,42,28,306,148,182,279
"31",16.467296,58.89617,65,73,26,7144,219,-60,279,149,6,160,-23,573,67,29,26,191,94,183,122
"32",8.696818,49.680653,90,86,32,6495,234,-28,262,173,48,173,6,728,80,47,17,227,149,227,164
"33",14.52371,56.043625,78,60,25,6221,206,-26,232,154,23,160,2,587,66,34,21,182,105,167,138
"34",16.779236,60.635026,49,81,26,7919,213,-96,309,139,-13,152,-52,616,81,31,29,220,103,203,128
"35",12.182611,57.751852,70,66,26,6597,202,-46,248,78,14,156,-12,864,95,47,23,273,150,227,214
"36",6.68899,58.643471,58,47,23,5448,163,-36,199,35,77,129,-8,1811,218,88,31,639,281,374,503
"37",16.665437,57.70141,72,66,25,6703,215,-41,256,153,14,161,-9,512,60,26,25,168,86,155,111
"38",-122.108803,36.958868,134,118,61,2767,234,41,193,100,166,169,100,781,172,2,90,437,10,14,437
"39",9.864342,52.003258,77,80,33,6033,209,-32,241,154,32,154,0,821,87,56,15,250,172,250,199
"40",9.883233,51.993977,79,80,33,6048,211,-31,242,156,34,156,1,799,86,54,16,246,167,246,191
"41",16.187911,59.780595,56,80,26,7570,218,-81,299,143,-5,156,-39,629,77,33,27,218,103,207,128
"42",16.469578,58.955056,64,74,26,7155,218,-61,279,148,5,160,-24,578,68,29,26,194,95,185,123
"43",8.635948,49.625748,97,87,32,6513,243,-22,265,180,25,180,12,668,76,42,19,214,133,214,144
"44",10.520759,45.209785,127,92,29,7574,291,-19,310,134,45,223,26,823,90,51,18,246,161,207,164
"45",-124.130113,40.780428,116,77,53,2334,190,47,143,92,143,146,88,1129,200,4,75,556,32,41,547
"46",16.023636,57.170493,70,68,26,6644,212,-43,255,149,13,158,-12,548,63,32,20,174,100,164,124
"47",10.15965,48.905296,81,84,32,6570,224,-38,262,163,7,163,-5,729,91,43,27,256,136,256,145
"48",-0.315793,51.478577,104,80,37,4753,224,11,213,77,68,167,45,620,60,38,12,177,129,151,152
"49",16.740752,60.63144,48,82,26,7910,212,-97,309,138,-13,151,-53,618,82,31,29,221,103,204,128
"50",11.65547,57.687248,73,62,25,6608,196,-47,243,127,15,157,-11,649,76,32,27,221,105,185,134
"51",10.373773,48.923981,80,84,31,6626,224,-40,264,163,6,163,-7,740,92,45,26,258,140,258,149
"52",18.904668,59.972815,56,67,24,7335,207,-68,275,144,-4,155,-33,521,64,26,30,180,82,159,113
"53",10.133429,48.732418,77,84,32,6554,220,-42,262,159,4,159,-9,774,97,46,27,273,144,273,152
"54",-120.617814,35.029158,142,117,65,2085,229,50,179,118,161,168,115,381,75,0,90,212,2,25,208
"55",-124.105845,41.228611,113,95,55,2673,205,34,171,84,144,148,80,1528,257,7,73,742,52,63,700
"56",-122.505775,45.475669,113,106,41,5293,265,9,256,53,182,182,48,1286,203,21,55,577,109,114,533
"57",-124.152778,41.068637,112,89,55,2566,197,37,160,85,142,146,81,1382,232,6,73,673,45,56,642
"58",-122.293151,37.506282,137,99,54,2986,229,48,181,98,171,175,98,598,122,2,87,311,9,12,311
"59",-0.304678,51.475121,104,80,37,4753,224,11,213,77,68,167,45,620,60,38,12,177,129,151,152
"60",-122.523115,47.308714,105,100,42,4890,242,4,238,51,169,169,46,1075,170,21,60,505,88,88,456
"61",-122.369159,37.437285,128,107,56,3085,231,42,189,92,164,170,92,836,164,2,86,429,12,17,429
"62",-122.349547,37.441412,128,107,56,3085,231,42,189,92,164,170,92,836,164,2,86,429,12,17,429
"63",9.635357,62.546589,15,75,27,6811,161,-107,268,95,6,105,-69,844,93,44,24,273,145,255,194
"64",-122.523276,47.308653,105,100,42,4890,242,4,238,51,169,169,46,1075,170,21,60,505,88,88,456
"65",-122.199617,37.93615,143,111,52,3720,255,45,210,95,185,189,95,668,141,1,88,354,7,12,354
"66",13.203806,55.717838,78,61,26,6164,201,-29,230,151,24,158,3,658,69,35,22,201,116,189,155
"67",-124.153071,41.068638,112,89,55,2566,197,37,160,85,142,146,81,1382,232,6,73,673,45,56,642
"68",-123.517197,38.760989,119,106,59,2538,214,37,177,92,148,152,88,1066,206,3,85,558,18,30,541
"69",-124.105978,44.222841,104,92,50,3354,206,24,182,68,144,149,64,2201,368,23,66,1049,124,129,982
"70",16.148915,58.594228,66,75,27,7010,220,-57,277,149,8,160,-20,563,66,28,27,189,92,179,119
"71",0,0,NA,NA,NA,NA,NA,NA,NA,NA,NA,NA,NA,NA,NA,NA,NA,NA,NA,NA,NA
"72",-122.226458,37.868668,141,104,53,3393,244,50,194,98,178,184,98,678,141,1,87,357,8,13,357
"73",9.392994,48.853283,91,87,33,6420,232,-29,261,171,19,171,7,702,91,40,28,245,124,245,132
"74",16.913444,58.736378,67,69,25,7038,217,-53,270,150,7,161,-19,563,66,27,26,184,94,176,128
"75",-0.541771,51.329432,100,80,35,5150,226,-1,227,43,64,168,35,682,68,41,15,201,145,155,175
"76",16.887034,60.295453,50,79,26,7750,211,-90,301,139,-11,152,-48,604,79,30,29,216,99,201,125
"77",17.671667,59.798242,58,69,24,7499,210,-72,282,144,-4,157,-35,551,70,27,32,197,85,187,113
"78",-124.049284,40.859181,117,89,54,2783,204,41,163,87,150,154,83,1197,207,4,76,590,34,44,574
"79",8.789148,49.238644,100,87,33,6488,244,-19,263,182,28,182,15,704,84,45,20,229,138,229,148
"80",-122.048126,37.216379,132,126,53,4029,266,31,235,86,182,187,86,889,179,2,87,470,11,16,470
"81",-122.523209,47.308623,105,100,42,4890,242,4,238,51,169,169,46,1075,170,21,60,505,88,88,456
"82",-123.790681,39.405056,111,110,59,2712,214,29,185,82,144,146,76,1121,201,3,81,564,22,35,559
"83",-122.779219,45.861331,114,111,42,5382,268,5,263,52,184,184,48,1143,187,19,57,520,99,105,483
"84",-123.50209,48.948312,94,85,38,4961,221,-2,223,38,159,159,34,1102,183,26,62,527,92,92,473
"85",-117.647912,33.939842,180,152,55,4265,326,52,274,134,232,238,129,289,53,4,72,149,15,23,140
"86",-100.264063,25.521108,179,131,55,3813,290,53,237,218,138,224,127,623,150,12,81,321,45,257,47
"87",-0.288777,51.481224,105,80,37,4729,225,13,212,79,69,168,47,621,60,39,12,178,130,150,154
"88",9.405231,44.274888,144,77,31,5847,275,31,244,113,219,219,70,955,134,29,35,351,128,128,266
"89",16.814782,60.658162,49,81,26,7931,213,-96,309,139,-13,153,-52,616,81,31,29,219,103,201,129
"90",-121.797266,37.398591,149,139,51,4681,302,32,270,91,207,210,91,516,106,1,87,273,5,10,273
"91",10.15965,48.905296,81,84,32,6570,224,-38,262,163,7,163,-5,729,91,43,27,256,136,256,145
"92",-122.59745,38.339092,135,137,52,4460,287,27,260,81,190,193,81,1091,234,2,91,593,12,20,593
"93",7.498014,46.983407,84,83,32,6263,226,-31,257,164,42,164,3,955,116,61,20,309,197,309,211
"94",10.9132,48.725395,85,87,31,6797,232,-40,272,170,9,170,-5,753,97,44,29,272,135,272,142
"95",-123.249954,44.539384,112,117,44,5154,274,9,265,53,179,181,50,1084,187,12,67,529,65,68,493
"96",16.36275,58.660486,68,73,26,7046,221,-55,276,150,9,162,-18,559,65,28,26,185,92,176,119
"97",-100.270927,25.543676,207,125,47,4874,331,69,262,239,141,264,141,648,164,13,82,340,44,262,44
"98",16.815312,60.619565,50,81,26,7899,213,-95,308,140,-12,153,-51,611,81,31,29,218,102,201,127
"99",-121.851114,37.222206,151,137,54,4177,288,35,253,97,201,203,97,508,108,1,89,273,5,10,273
"100",10.7299,59.717699,63,65,23,7337,209,-63,272,114,4,159,-30,753,88,37,27,256,126,227,143
"101",-122.333011,37.409133,127,111,55,3403,239,38,201,89,168,173,89,888,174,2,85,459,13,17,459
"102",2.63132,45.45437,84,99,39,5456,224,-25,249,136,24,154,15,834,100,51,20,249,162,234,177
"103",8.76709,49.255875,100,87,33,6505,244,-19,263,182,28,182,15,700,83,45,20,228,138,228,148
"104",8.597145,49.21928,104,87,32,6524,249,-15,264,186,31,186,19,687,81,44,19,221,136,221,146
"105",-122.716856,48.200113,97,84,41,4166,214,13,201,50,151,151,46,542,74,22,35,208,80,80,189
"106",10.679251,53.526634,86,80,31,6388,227,-28,255,167,36,167,4,649,71,38,18,204,125,204,146
"107",10.874191,48.356808,84,84,31,6717,228,-40,268,168,9,168,-5,842,111,48,31,311,146,311,152
"108",-122.177902,47.3866,104,98,41,4908,242,7,235,48,169,169,45,1135,168,27,51,494,115,115,450
"109",-122.522352,47.307251,105,100,42,4890,242,4,238,51,169,169,46,1075,170,21,60,505,88,88,456
"110",10.683098,59.8083,60,67,24,7425,210,-68,278,111,2,157,-34,755,90,37,28,256,125,232,143
"111",-122.165211,47.45557,103,96,41,4874,239,7,232,47,167,167,44,1207,177,30,50,519,126,126,473
"112",-122.159117,47.402413,103,99,42,4902,241,6,235,47,167,167,44,1194,175,30,49,512,126,126,467
"113",-116.462563,33.228037,136,153,47,6139,318,-2,320,72,190,219,65,494,84,3,69,246,30,52,229
"114",-122.122973,37.85398,144,115,52,3857,261,43,218,94,187,192,94,598,123,1,87,311,7,11,311
"115",-6.370624,36.622561,NA,NA,NA,NA,NA,NA,NA,NA,NA,NA,NA,NA,NA,NA,NA,NA,NA,NA,NA
"116",-0.234785,51.4408,106,81,37,4841,229,12,217,79,68,170,47,641,62,41,12,184,136,154,161
"117",13.415,53.6485,81,70,28,6549,216,-31,247,166,31,166,-2,567,63,29,21,185,103,185,116
"118",-122.279705,49.14115,95,94,37,5397,236,-13,249,32,164,164,27,1726,244,54,45,700,194,194,643
"119",-122.795814,38.040258,128,111,57,3081,232,40,192,94,163,168,90,1060,222,2,89,575,13,19,566
"120",9.848634,52.364723,88,82,33,6089,223,-22,245,165,42,165,9,670,74,40,19,214,135,214,148
"121",-122.453992,49.107317,94,92,38,5264,230,-12,242,32,161,161,28,1643,236,50,46,675,183,183,620
"122",6.213026,50.893127,99,76,33,5640,225,-2,227,171,57,171,27,821,81,54,12,239,175,239,190
"123",9.30163,44.37497,136,77,31,5935,268,21,247,104,212,212,61,985,138,33,34,358,139,139,264
"124",-117.546146,33.955642,180,156,54,4439,333,49,284,134,215,241,128,261,43,5,63,125,20,29,117
"125",-106.366012,54.538757,-9,118,24,12907,222,-265,487,146,-162,146,-184,485,84,16,53,223,61,223,64
"126",12.336488,44.111839,131,91,32,6784,284,0,284,142,56,217,43,693,80,46,16,215,151,160,152
"127",-122.471488,47.468349,105,90,39,4837,234,6,228,52,167,167,47,1068,168,21,60,500,88,88,454
"128",8.183358,49.235226,100,87,33,6438,245,-18,263,181,28,181,16,678,75,43,17,210,137,210,149
"129",-118.560462,34.275659,167,140,52,4466,311,44,267,120,223,229,115,447,93,0,93,256,5,12,244
"130",-0.347137,51.408936,104,81,36,4890,227,8,219,75,68,169,44,630,61,38,13,182,132,150,156
"131",7.063415,51.093819,95,80,33,5890,226,-13,239,170,53,170,19,856,88,56,14,255,177,255,205
"132",-122.785095,45.595818,115,107,41,5446,266,7,259,52,186,186,48,979,162,16,58,454,83,83,417
"133",-117.357967,33.807176,165,152,51,5161,331,34,297,110,231,237,106,439,89,2,86,243,10,19,231
"134",-123.529822,38.761547,119,106,59,2538,214,37,177,92,148,152,88,1066,206,3,85,558,18,30,541
"135",9.374483,45.631184,124,89,30,7193,281,-14,295,128,29,215,29,1059,115,60,21,315,189,284,189
"136",8.506165,49.872513,99,88,32,6555,246,-21,267,182,26,182,13,607,68,37,19,195,118,195,129
"137",-123.048072,38.448672,128,128,60,3179,245,32,213,92,164,168,88,1117,236,2,89,607,13,23,598
"138",10.15965,48.905296,81,84,32,6570,224,-38,262,163,7,163,-5,729,91,43,27,256,136,256,145
"139",-122.471733,47.468746,105,90,39,4837,234,6,228,52,167,167,47,1068,168,21,60,500,88,88,454
"140",-117.358034,33.808466,165,152,51,5161,331,34,297,110,231,237,106,439,89,2,86,243,10,19,231
"141",10.862451,48.423317,85,84,31,6763,230,-40,270,169,9,169,-5,819,108,46,31,301,143,301,149
"142",-117.311172,33.923576,173,157,51,5103,342,39,303,118,237,244,113,332,69,2,86,184,9,16,175
"143",-122.404105,45.3709,114,106,41,5222,266,11,255,54,182,182,50,1406,215,23,54,616,120,123,572
"144",-122.383804,47.76409,106,82,38,4684,229,15,214,55,167,167,50,916,136,23,51,399,97,98,365
"145",-121.915154,48.102875,91,94,40,4975,226,-7,233,34,155,155,30,1693,238,46,47,705,178,178,640
"146",-122.474457,37.799015,139,82,52,2444,219,63,156,106,162,167,106,676,143,1,89,360,9,12,360
"147",-122.182938,37.824303,141,109,53,3591,251,47,204,96,182,187,96,667,136,1,86,346,8,13,346
"148",-124.193112,40.700209,114,81,54,2401,192,43,149,90,141,145,85,1293,230,4,78,646,33,44,634
"149",-5.859777,37.334717,182,121,40,6041,355,56,299,116,261,262,108,591,89,1,64,253,18,22,238
"150",11.225303,59.0921,68,56,22,6821,200,-47,247,120,9,157,-17,777,93,40,27,260,129,221,158
"151",14.907575,53.141583,87,77,27,7368,235,-47,282,178,-1,178,-12,547,69,29,25,186,96,186,108
"152",-117.722119,34.015135,179,153,55,4311,329,52,277,133,232,238,128,386,80,2,85,218,10,18,205
"153",10.728032,59.747338,63,65,23,7337,209,-63,272,114,4,159,-30,753,88,37,27,256,126,227,143
"154",-124.067475,40.877156,117,89,54,2771,204,40,164,87,150,153,83,1209,207,5,75,594,37,47,576
"155",-122.93896,38.122792,129,114,59,2785,232,41,191,97,158,163,93,963,205,2,89,523,12,19,521
"156",-0.357144,51.41253,104,81,36,4890,227,8,219,75,68,169,44,630,61,38,13,182,132,150,156
"157",-122.400627,45.5638,119,107,40,5383,273,11,262,57,188,188,51,1217,190,21,53,533,109,109,501
"158",-97.700094,30.238315,201,121,38,6938,356,39,317,240,124,287,109,808,109,35,33,269,156,174,164
"159",11.917859,57.591584,74,65,26,6601,201,-45,246,125,17,159,-9,760,85,41,25,245,126,205,178
"160",9.457188,53.62344,84,79,32,6028,216,-26,242,160,37,160,7,760,82,42,18,232,140,232,172
"161",8.542793,50.171265,91,84,32,6393,235,-24,259,173,50,173,9,681,70,42,14,202,140,202,153
"162",-123.399355,48.603876,96,81,40,4325,211,10,201,48,152,152,43,959,161,19,66,478,69,69,424
"163",-117.699997,33.918298,177,150,55,4284,324,53,271,131,229,236,127,356,70,3,82,194,12,21,183
"164",-123.399579,48.60258,96,81,40,4325,211,10,201,48,152,152,43,959,161,19,66,478,69,69,424
"165",-122.17844,47.565199,109,92,40,4884,243,13,230,54,173,173,50,1040,158,24,53,464,102,102,420
"166",10.623735,49.023972,82,86,32,6704,227,-40,267,166,7,166,-6,724,90,44,25,252,138,252,146
"168",10.692798,53.902832,86,74,29,6296,222,-26,248,166,35,166,6,674,72,40,16,203,131,203,158
"169",-2.931228,43.27252,139,61,35,4007,231,61,170,90,189,192,90,1180,155,46,31,405,183,216,405
"170",-116.318521,32.531905,146,161,50,5817,329,8,321,85,195,227,80,369,72,1,77,202,18,43,169
"171",-122.497773,47.540716,107,90,39,4836,236,7,229,53,169,169,48,1037,164,20,60,487,85,85,443
"172",8.847821,49.999325,98,89,33,6511,246,-22,268,181,26,181,13,657,73,41,17,205,132,205,141
"173",-123.820654,39.798419,115,127,52,4110,262,18,244,70,168,170,66,1694,310,4,83,881,29,49,861
"174",9.288983,48.863598,95,88,33,6378,236,-25,261,175,24,175,11,670,88,38,29,235,116,235,122
"175",-2.08393,47.65583,116,78,38,4600,228,26,202,65,173,174,57,769,87,46,22,252,147,167,233
"176",-122.395334,47.526254,106,86,38,4832,235,12,223,53,169,169,48,1016,159,21,58,469,89,89,425
"177",-122.646537,47.735928,105,92,40,4827,236,8,228,50,167,167,46,1037,172,22,58,476,90,90,436
"178",8.556147,49.725353,100,88,33,6548,247,-19,266,183,28,183,14,622,70,39,19,200,122,200,133
"179",7.731285,48.241367,104,86,32,6462,251,-12,263,187,34,187,21,706,90,39,28,241,125,241,126
"180",-74.431858,40.490006,112,117,32,8623,297,-62,359,215,-1,222,-1,1183,123,76,13,340,260,327,260
"181",9.82785,52.221359,88,83,33,6080,223,-22,245,166,43,166,10,673,75,41,18,215,136,215,149
"182",6.942425,47.000172,69,82,32,6163,208,-46,254,147,26,147,-11,1169,120,79,12,329,256,329,302
"183",-116.319213,32.531813,146,161,50,5817,329,8,321,85,195,227,80,369,72,1,77,202,18,43,169
"184",-122.78463,45.596123,115,107,41,5446,266,7,259,52,186,186,48,979,162,16,58,454,83,83,417
"185",9.781501,48.595905,76,84,32,6451,218,-42,260,157,4,157,-8,804,101,47,27,284,147,284,155
"186",10.002328,58.974582,72,52,22,6515,197,-37,234,124,15,158,-7,734,89,37,26,247,132,202,146
"187",-122.463965,47.496776,105,90,39,4837,234,6,228,52,167,167,47,1068,168,21,60,500,88,88,454
"188",-122.399818,45.561939,119,107,40,5383,273,11,262,57,188,188,51,1217,190,21,53,533,109,109,501
"189",8.566843,49.727741,100,88,33,6548,247,-19,266,183,28,183,14,622,70,39,19,200,122,200,133
"190",-122.09735,47.437565,101,97,41,4877,238,5,233,45,165,165,42,1289,188,33,48,547,138,138,500
"191",-116.318115,32.531496,146,161,50,5817,329,8,321,85,195,227,80,369,72,1,77,202,18,43,169
"192",-122.339839,47.413012,107,93,40,4885,241,11,230,53,171,171,49,1009,155,21,56,461,91,91,417
"193",-123.147453,45.870956,96,106,43,4865,238,-3,241,41,158,160,37,1738,288,25,64,827,119,132,769
"194",-75.104492,40.02341,122,108,30,8675,301,-49,350,224,8,232,8,1126,115,73,13,322,246,320,246
"195",-122.212,47.854638,102,82,38,4648,224,12,212,50,162,162,46,1002,140,29,45,415,119,119,379
"196",8.936863,49.172165,100,88,33,6483,243,-20,263,181,28,181,15,695,85,44,22,230,134,230,143
"197",9.402452,48.848083,91,87,33,6420,232,-29,261,171,19,171,7,702,91,40,28,245,124,245,132
"198",-1.306,51.729091,96,74,35,4678,209,3,206,71,59,156,37,650,65,39,14,187,133,161,163
"199",5.257741,59.416768,75,42,24,4641,166,-3,169,86,89,134,19,1525,191,71,32,545,229,331,344
"200",13.48055,56.093468,72,62,26,6232,199,-37,236,147,18,154,-3,733,77,40,22,225,129,211,176
"201",10.15965,48.905296,81,84,32,6570,224,-38,262,163,7,163,-5,729,91,43,27,256,136,256,145
"202",8.898754,49.111412,98,88,33,6456,242,-21,263,180,26,180,14,714,87,45,22,236,137,236,146
"203",6.176827,51.263527,99,77,33,5705,225,-4,229,171,57,171,26,789,78,51,12,228,164,228,188
"204",16.897144,48.286961,98,96,31,7387,261,-42,303,192,14,192,1,648,82,36,29,236,112,236,117
"205",-79.907853,40.42427,102,125,33,8756,289,-80,369,191,-15,212,-15,976,102,60,17,297,196,289,196
"206",-71.264145,42.365653,93,116,31,8857,282,-88,370,2,183,206,-24,1134,116,83,10,318,256,257,293
"207",-79.270159,40.158416,88,122,33,8642,271,-92,363,175,-29,195,-29,1107,112,73,14,326,233,319,233
"208",-71.258628,42.367778,93,116,31,8857,282,-88,370,2,183,206,-24,1134,116,83,10,318,256,257,293
"209",0.121791,51.395829,103,79,37,4828,224,11,213,77,66,167,44,640,64,40,14,190,135,150,162
"210",-123.519143,38.748717,122,103,59,2384,214,41,173,96,147,152,92,1020,198,3,84,534,17,28,518
"211",5.7198,45.19238,111,102,35,6462,264,-23,287,117,24,192,24,860,84,52,12,245,197,198,197
"212",16.357956,50.712982,64,81,28,7091,208,-73,281,150,-20,150,-33,673,94,31,41,275,96,275,100
"213",-122.26966,47.367282,106,102,42,4947,246,6,240,49,171,171,47,1030,155,23,54,460,98,98,418
"214",10.227585,48.985569,79,84,32,6582,222,-40,262,162,6,162,-7,738,91,45,25,256,140,256,149
"215",7.779779,48.484413,103,87,32,6446,250,-15,265,169,33,185,19,667,83,38,27,224,117,223,120
"216",-122.463455,37.802833,139,82,52,2444,219,63,156,106,162,167,106,676,143,1,89,360,9,12,360
"217",9.541177,47.636512,91,84,31,6758,237,-33,270,177,16,177,3,1026,128,56,30,373,175,373,187
"218",12.881042,50.916328,79,78,30,6699,221,-39,260,164,2,164,-7,607,75,34,26,213,109,213,116
"219",-93.577197,42.092305,86,120,27,10962,295,-138,433,219,-65,219,-65,841,127,20,49,338,73,338,73
"220",10.824807,59.290882,70,53,21,6831,200,-44,244,122,11,160,-14,747,90,38,26,252,131,211,148
"221",4.907901,59.303298,77,36,22,4324,162,4,158,92,86,134,25,1335,167,61,33,469,191,375,320
"222",10.217199,48.968048,79,84,32,6582,222,-40,262,162,6,162,-7,738,91,45,25,256,140,256,149
"223",10.503531,48.991146,81,85,31,6657,225,-41,266,164,6,164,-7,735,91,45,25,256,139,256,148
"224",6.585801,58.210199,65,44,22,5296,165,-27,192,44,83,133,1,1704,206,85,31,599,267,354,394
"225",-3.61,40.69,133,103,35,6575,302,10,292,91,221,221,53,438,57,11,36,153,53,53,126
"226",10.803852,52.432571,88,82,32,6305,228,-23,251,169,15,169,8,591,69,35,20,193,118,193,124
"227",-121.834992,37.510553,147,136,50,4766,301,31,270,89,206,209,89,542,108,1,85,282,7,12,282
"228",15.015556,58.429559,60,80,28,6983,216,-65,281,141,3,153,-26,594,70,29,26,202,97,185,126
"229",8.875151,49.170425,99,87,33,6476,242,-21,263,180,26,180,14,710,86,45,21,233,138,233,148
"230",-122.381467,47.520343,106,86,38,4832,235,12,223,53,169,169,48,1016,159,21,58,469,89,89,425
"231",9.82493,52.369213,88,82,33,6096,223,-22,245,165,42,165,9,668,74,40,19,213,134,213,148
"232",10.716423,53.882465,86,73,29,6285,221,-26,247,166,35,166,6,667,72,40,17,202,130,202,156
"233",13.0817,54.1484,82,64,27,6273,208,-29,237,163,29,163,4,556,61,28,22,180,98,180,115
"234",8.663546,49.311409,104,86,32,6522,248,-16,264,186,31,186,19,671,80,43,21,220,131,220,141
"235",13.317661,52.435032,91,82,30,6921,240,-33,273,178,42,178,1,572,70,35,21,187,113,187,128
"236",-117.146154,32.740011,172,91,51,3016,259,81,178,138,205,214,136,273,58,1,92,162,4,7,142
"237",-71.093629,42.306234,97,109,30,8751,282,-79,361,8,185,209,-18,1134,114,80,10,318,253,255,298
"238",-122.374894,37.378175,128,106,57,2915,226,43,183,94,162,167,94,796,156,2,85,408,12,16,408
"239",-100.212303,25.627863,201,125,49,4558,321,67,254,231,152,255,139,647,160,15,80,330,50,251,50
"240",-121.408256,37.037167,148,155,51,5139,320,17,303,84,212,215,84,454,90,2,87,238,7,12,238
"241",-118.288572,33.790207,178,103,53,3126,276,83,193,144,213,221,141,310,69,0,96,182,3,8,179
"242",8.516893,49.267357,103,87,32,6506,249,-15,264,186,31,186,19,676,79,43,19,218,134,218,144
"243",7.677126,48.083012,100,85,32,6379,246,-13,259,182,31,182,18,780,98,44,26,264,145,264,145
"244",-122.256608,47.552078,110,89,39,4907,242,15,227,55,175,175,51,971,154,21,57,444,89,89,401
"245",-122.77037,48.140808,100,84,41,4245,218,15,203,51,154,154,47,516,70,21,35,198,76,77,179
"246",-122.244242,47.770885,108,84,38,4733,233,15,218,55,169,169,51,975,142,26,48,416,109,109,379
"247",13.21888,55.360742,81,60,26,6137,203,-24,227,155,27,161,6,603,63,33,20,184,109,175,139
"248",6.384215,51.359615,101,78,33,5790,229,-4,233,174,59,174,26,786,80,49,13,227,162,227,187
"249",6.382241,51.361919,101,78,33,5790,229,-4,233,174,59,174,26,786,80,49,13,227,162,227,187
"250",9.400241,44.273308,144,77,31,5847,275,31,244,113,219,219,70,955,134,29,35,351,128,128,266
"251",-117.078796,33.064678,175,126,52,3977,298,58,240,131,223,229,127,319,65,1,87,178,6,11,165
"252",17.696299,59.872635,58,70,24,7507,210,-73,283,144,-5,157,-36,551,70,27,32,198,85,186,113
"253",-75.107493,40.01888,122,108,30,8675,301,-49,350,224,8,232,8,1126,115,73,13,322,246,320,246
"254",10.924206,59.49788,63,59,22,7102,202,-57,259,115,4,157,-25,770,89,39,26,258,132,225,151
"255",9.796292,52.018833,82,81,33,6048,215,-28,243,159,37,159,4,761,83,50,17,237,157,237,178
"256",9.43342,48.89312,92,87,33,6457,234,-28,262,173,19,173,7,696,90,40,27,243,124,243,132
"257",9.903574,51.608421,85,85,34,6130,219,-29,248,162,13,162,5,661,79,39,22,222,127,222,143
"258",-124.075158,40.871126,117,89,54,2783,204,41,163,87,150,154,83,1197,207,4,76,590,34,44,574
"259",11.179606,59.163833,69,56,22,6876,201,-47,248,121,10,159,-16,771,92,40,27,258,129,220,156
"260",-117.86552,34.406184,103,139,45,6105,278,-30,308,39,184,187,35,716,137,3,85,388,18,36,373
"261",16.644983,56.744505,75,62,25,6564,211,-34,245,154,18,161,-5,494,58,28,23,163,86,148,110
"262",-88.270378,42.111673,87,113,27,10169,286,-118,404,212,-52,212,-52,916,105,32,32,313,126,313,126
"263",-1.216551,51.748263,99,75,36,4662,213,7,206,74,62,159,40,638,63,39,13,181,132,159,159
"264",9.907192,55.885871,76,66,25,6237,195,-59,254,84,22,155,-3,669,74,37,22,212,117,182,131
"265",-122.662859,45.708653,109,111,43,5185,260,2,258,49,175,176,45,1168,185,20,55,526,102,108,486
"266",8.735847,49.072292,99,87,33,6482,243,-20,263,181,27,181,15,728,87,46,20,235,144,235,154
"267",8.593451,49.733875,99,88,33,6548,246,-20,266,182,27,182,14,633,72,40,19,204,125,204,136
"268",-79.898692,40.519587,100,123,33,8791,287,-83,370,189,-18,209,-18,990,103,60,17,302,199,292,199
"269",16.548243,56.674045,75,62,25,6542,211,-35,246,154,18,160,-6,499,59,29,23,164,88,149,111
"270",10.939468,59.054718,73,51,21,6680,199,-39,238,124,14,160,-9,739,91,38,27,251,126,206,148
"271",-2.598825,51.458835,96,71,35,4618,208,10,198,48,115,157,40,848,91,54,17,261,177,191,236
"272",-4.121388,50.425796,99,59,34,4033,193,24,169,60,137,152,52,1043,124,59,26,356,184,194,338
"273",14.149292,55.767687,76,57,25,6136,199,-26,225,151,21,157,2,607,67,34,20,186,108,174,142
"274",-90.046063,40.574872,105,116,28,10182,303,-103,406,209,-35,229,-35,959,106,39,28,308,141,298,141
"275",14.905955,53.153908,87,77,27,7368,235,-47,282,178,-1,178,-12,547,69,29,25,186,96,186,108
"276",9.046297,49.17654,100,88,33,6488,243,-21,264,181,27,181,15,689,85,43,23,230,131,230,140
"277",5.166289,51.625702,94,74,33,5396,214,-4,218,65,53,162,26,790,75,47,14,217,163,207,194
"278",10.881509,59.251801,70,54,21,6855,201,-45,246,121,10,160,-15,749,90,38,26,252,130,212,149
"279",5.870598,59.519098,71,48,25,5078,171,-17,188,79,91,137,9,1834,227,86,32,650,282,389,497
"280",9.895978,51.592884,85,85,34,6130,219,-29,248,162,13,162,5,661,79,39,22,222,127,222,143
"281",8.526936,49.846066,99,88,32,6555,246,-21,267,182,26,182,13,607,68,37,19,195,118,195,129
"282",13.087918,52.384861,92,83,30,6915,239,-32,271,180,44,180,2,568,68,35,21,185,112,185,127
"283",-96.91452,32.858099,188,119,34,7913,355,12,343,229,83,287,83,898,129,47,31,312,161,193,161
"284",14.509467,50.013242,87,90,32,6939,241,-39,280,176,-2,176,-2,516,74,21,45,216,69,216,69
"285",-116.55682,32.799654,131,152,49,5638,306,1,305,73,178,210,67,572,107,3,78,301,28,41,273
"286",-2.524467,51.436856,96,72,36,4589,208,10,198,49,59,157,41,815,87,52,16,249,172,184,226
"287",-80.110931,40.332264,102,124,33,8687,287,-78,365,190,-14,211,-14,971,103,60,17,298,196,288,196
"288",-123.654312,38.86718,117,102,60,2355,206,37,169,92,143,148,88,1071,203,3,83,559,19,31,539
"289",-74.170608,40.59612,119,103,29,8722,297,-52,349,223,4,230,4,1177,117,80,11,326,261,314,261
"290",13.191404,52.516273,91,82,30,6865,238,-32,270,178,43,178,1,570,68,35,21,186,111,186,127
"291",15.214182,59.391228,60,82,27,7300,223,-73,296,144,0,157,-30,646,75,32,27,220,105,202,134
"292",0.097621,51.532513,106,78,36,4858,225,13,212,79,68,169,46,603,60,37,13,176,125,147,147
"293",-2.603524,51.337028,95,71,35,4640,208,8,200,47,114,157,39,847,91,53,17,261,176,191,237
"294",-122.21599,37.848726,141,104,53,3393,244,50,194,98,178,184,98,678,141,1,87,357,8,13,357
"295",6.095738,51.223873,99,77,33,5635,224,-3,227,170,58,170,27,786,77,51,12,226,164,226,186
"296",12.541111,51.077778,87,81,30,6670,231,-31,262,172,10,172,1,544,65,31,25,190,100,190,104
"297",13.45603,52.516724,90,81,29,6933,238,-34,272,177,41,177,0,565,69,33,22,186,108,186,125
"298",-86.582964,41.762622,97,105,28,9557,285,-89,374,216,-17,216,-31,985,101,48,19,289,177,289,182
"299",12.448883,51.859318,92,81,31,6677,236,-25,261,177,16,177,6,517,62,30,23,176,96,176,103
"300",-2.394352,51.366477,92,72,35,4649,206,5,201,44,111,154,36,817,89,52,16,252,172,183,230
"301",-80.106354,40.757633,96,122,33,8805,283,-85,368,185,-23,205,-23,979,102,58,17,301,196,291,196
"302",11.197949,59.150214,69,56,22,6876,201,-47,248,121,10,159,-16,771,92,40,27,258,129,220,156
"303",-79.789963,40.5332,98,125,33,8777,286,-85,371,187,-20,207,-20,1010,105,61,17,307,202,299,202
"304",-79.900205,43.283602,85,96,26,9363,277,-85,362,196,-30,205,-36,834,83,52,12,233,177,227,185
"305",8.847198,49.999432,98,89,33,6511,246,-22,268,181,26,181,13,657,73,41,17,205,132,205,141
"306",-2.588219,51.473795,96,71,35,4618,208,10,198,48,115,157,40,848,91,54,17,261,177,191,236
"307",-2.606964,51.402744,93,71,35,4639,206,6,200,45,112,155,37,874,95,55,17,271,181,195,246
"308",-122.227539,47.558388,109,90,39,4896,242,14,228,54,174,174,50,1014,157,23,55,456,97,97,413
"309",-71.260319,42.368772,93,116,31,8857,282,-88,370,2,183,206,-24,1134,116,83,10,318,256,257,293
"310",7.180732,51.2061,88,76,32,5791,215,-18,233,161,45,161,13,927,91,62,13,265,195,265,234
"311",12.537268,51.882187,90,81,31,6671,233,-27,260,175,14,175,4,538,64,32,23,182,102,182,109
"312",13.46971,52.615242,89,80,29,6906,236,-35,271,176,40,176,-1,570,69,33,22,189,108,189,124
"313",8.550698,49.439014,102,86,32,6491,247,-16,263,185,30,185,18,658,76,42,20,214,130,214,139
"314",10.957025,48.724007,85,87,31,6786,232,-40,272,170,9,170,-5,752,97,44,29,272,135,272,142
"315",11.828531,58.352589,68,62,25,6662,199,-46,245,79,11,155,-15,758,87,40,25,248,127,209,166
"316",9.776974,48.691044,85,86,32,6532,229,-35,264,167,13,167,0,716,93,40,29,256,127,256,135
"317",-122.264121,47.797258,103,81,38,4657,225,13,212,52,164,164,48,970,140,26,48,410,111,111,375
"318",-71.260383,42.368733,93,116,31,8857,282,-88,370,2,183,206,-24,1134,116,83,10,318,256,257,293
"319",9.847149,52.363026,88,82,33,6089,223,-22,245,165,42,165,9,670,74,40,19,214,135,214,148
"320",-123.188921,45.854719,98,105,43,4875,240,-1,241,42,160,162,39,1671,278,24,64,796,114,127,741
"321",-76.003761,39.703885,115,111,31,8655,293,-59,352,202,13,224,0,1122,110,72,11,318,244,316,245
"322",-81.594957,41.345676,99,107,29,9069,283,-77,360,190,-10,212,-21,942,92,54,15,273,187,270,187
"323",10.81073,59.300519,70,54,21,6871,201,-46,247,122,10,160,-15,746,89,38,26,251,131,211,148
"324",10.792827,59.193975,72,51,21,6744,199,-41,240,124,12,160,-11,741,90,38,26,250,131,207,148
"325",9.660767,47.628565,86,86,31,6705,231,-40,271,171,12,171,-2,1090,133,60,29,391,191,391,206
"326",-1.302085,51.721378,96,74,35,4678,209,3,206,71,59,156,37,650,65,39,14,187,133,161,163
"327",15.468792,58.371008,63,77,27,6944,217,-60,277,144,6,156,-22,560,68,28,27,193,92,179,117
"328",8.948702,50.548904,91,83,31,6418,233,-27,260,157,48,172,7,693,71,42,14,205,145,198,154
"329",-122.544955,47.315803,105,99,41,4888,241,3,238,50,168,168,46,1122,179,21,61,530,88,88,480
"330",-86.623627,41.835682,97,104,28,9524,284,-87,371,215,-16,215,-31,975,98,47,19,283,175,283,181
"331",-121.83686,47.561857,99,102,43,4826,238,2,236,44,162,162,41,1646,235,43,47,691,175,175,629
"332",0.1562,50.806649,100,79,37,4740,217,8,209,76,146,162,42,733,83,47,23,241,143,146,205
"333",10.263677,48.909435,77,84,32,6578,220,-42,262,160,4,160,-9,763,95,46,26,266,145,266,153
"334",7.8612,47.644833,90,81,31,6263,232,-22,254,170,22,170,10,958,113,60,23,321,188,321,192
"335",5.70097,45.20513,111,102,35,6453,264,-23,287,116,191,191,24,869,84,52,13,248,199,199,199
"336",10.937869,59.05106,73,51,21,6680,199,-39,238,124,14,160,-9,739,91,38,27,251,126,206,148
"337",10.217199,48.968048,79,84,32,6582,222,-40,262,162,6,162,-7,738,91,45,25,256,140,256,149
"338",8.764815,47.935493,79,90,33,6319,224,-42,266,159,9,159,-3,1039,113,69,19,335,210,335,226
"339",-77.246644,39.015987,125,120,33,8504,305,-52,357,211,12,232,12,1020,100,69,12,287,217,286,217
"340",14.526896,44.961288,141,79,30,6207,281,26,255,109,221,221,64,1215,153,66,27,431,222,222,326
"341",-123.804063,39.32911,113,102,60,2451,204,34,170,87,142,144,81,1032,181,4,80,517,21,34,507
"342",8.907829,49.988293,98,89,33,6511,245,-22,267,181,26,181,13,658,74,41,17,206,132,206,141
"343",-4.046452,50.202332,NA,NA,NA,NA,NA,NA,NA,NA,NA,NA,NA,NA,NA,NA,NA,NA,NA,NA,NA
"344",-71.258606,42.367444,93,116,31,8857,282,-88,370,2,183,206,-24,1134,116,83,10,318,256,257,293
"345",-122.224916,37.869533,141,104,53,3393,244,50,194,98,178,184,98,678,141,1,87,357,8,13,357
"346",11.92995,58.362311,68,64,25,6709,201,-47,248,78,11,155,-16,759,86,40,25,248,127,209,168
"347",6.396918,51.333252,101,79,33,5795,230,-4,234,175,60,175,26,786,80,49,13,227,164,227,186
"348",6.700875,58.668498,46,47,23,5423,151,-48,199,24,65,117,-19,1881,222,92,30,657,294,392,444
"349",9.756137,48.67902,85,86,32,6532,229,-35,264,167,13,167,0,716,93,40,29,256,127,256,135
"350",10.567646,52.949051,86,84,32,6363,229,-28,257,168,39,168,4,632,69,37,19,204,124,204,136
"351",-2.609319,51.446144,97,71,35,4590,210,11,199,50,61,158,42,829,89,52,17,255,173,188,231
"352",0.70893,47.40682,116,90,37,5574,252,9,243,53,187,187,44,664,65,47,10,187,145,145,179
"353",-122.159042,47.416859,103,96,41,4874,239,7,232,47,167,167,44,1207,177,30,50,519,126,126,473
"354",10.957026,48.674015,85,86,31,6812,233,-40,273,171,9,171,-5,761,99,44,30,277,135,277,142
"355",8.589635,50.109596,99,87,32,6446,245,-19,264,181,27,181,15,632,68,39,16,195,128,195,136
"356",13.455248,52.459251,91,81,29,6938,238,-34,272,178,41,178,0,562,69,32,22,184,108,184,124
"357",15.885394,56.780576,71,66,26,6562,210,-40,250,150,14,157,-10,549,64,33,21,176,99,163,124
"358",9.709339,49.945366,90,88,32,6619,236,-33,269,173,15,173,3,669,77,41,18,208,136,208,148
"359",12.484503,51.878265,90,81,31,6671,233,-27,260,175,14,175,4,533,63,31,23,180,100,180,107
"360",9.723029,49.976425,92,88,32,6634,238,-31,269,175,17,175,5,640,75,39,18,202,127,202,138
"361",-0.206479,51.441178,109,81,37,4846,232,15,217,81,71,173,50,631,62,40,13,183,133,151,158
"362",-122.54964,47.25269,105,100,42,4884,241,3,238,50,168,168,45,1099,175,21,61,519,87,87,469
"363",-2.359105,51.497123,89,72,36,4627,203,3,200,42,108,151,33,838,91,55,16,258,180,187,235
"364",13.956514,52.173637,92,80,29,7007,239,-34,273,180,11,180,0,547,64,31,23,185,104,185,115
"365",16.663057,59.550898,61,76,26,7457,219,-72,291,147,0,160,-32,561,71,27,31,202,87,192,109
"366",-0.32989,51.539317,103,80,37,4769,223,9,214,76,67,166,44,627,60,39,12,179,132,152,155
"367",12.012191,60.199438,46,73,25,7713,202,-89,291,133,-13,146,-53,730,85,35,29,245,115,238,134
"368",-93.785601,41.758775,91,120,27,10831,298,-131,429,203,-58,223,-58,833,125,20,49,329,72,326,72
"369",-73.872891,40.870644,118,91,26,8717,291,-47,338,103,4,229,4,1133,105,78,9,305,256,293,256
"370",-122.382277,47.517744,106,86,38,4832,235,12,223,53,169,169,48,1016,159,21,58,469,89,89,425
"371",13.377256,52.525429,90,81,29,6934,238,-34,272,178,41,178,0,571,70,34,22,188,110,188,127
"372",13.703449,51.065968,90,78,29,6830,234,-30,264,177,11,177,2,593,78,32,29,214,103,214,110
"373",8.9254,51.8284,76,72,31,5804,201,-31,232,149,35,149,2,957,95,65,12,268,204,268,249
"374",16.49659,56.27639,78,61,25,6571,213,-31,244,158,21,164,-3,519,61,30,23,170,91,154,115
"375",10.371805,61.280118,24,82,26,8101,192,-121,313,115,-33,129,-81,612,83,26,39,236,82,233,100
"376",5.393431,60.311478,69,52,28,4811,170,-12,182,76,88,132,12,2224,277,104,31,792,355,466,593
"377",5.546891,52.021059,93,76,34,5423,214,-7,221,158,51,162,24,783,74,47,14,217,154,216,191
"378",9.170774,49.009171,98,89,33,6423,240,-22,262,178,26,178,14,680,87,40,26,233,123,233,131
"379",8.953703,47.696178,88,83,31,6456,232,-30,262,170,17,170,4,1008,118,55,25,347,181,347,195
"380",8.651356,48.807388,81,87,33,6359,223,-38,261,161,38,161,-2,927,102,62,16,285,194,285,211
"381",9.401626,48.849564,91,87,33,6420,232,-29,261,171,19,171,7,702,91,40,28,245,124,245,132
"382",8.655187,49.319061,104,86,32,6522,248,-16,264,186,31,186,19,671,80,43,21,220,131,220,141
"383",-79.908409,40.430614,102,125,33,8756,289,-80,369,191,-15,212,-15,976,102,60,17,297,196,289,196
"384",10.878681,48.366905,84,84,31,6708,228,-40,268,168,9,168,-5,848,112,48,32,314,147,314,153
"385",9.847913,52.365215,88,82,33,6089,223,-22,245,165,42,165,9,670,74,40,19,214,135,214,148
"386",5.651203,58.736999,72,42,23,4926,166,-13,179,83,89,135,12,1351,169,63,33,494,213,312,327
"387",10.793959,59.306082,70,54,21,6871,201,-46,247,122,10,160,-15,746,89,38,26,251,131,211,148
"388",3.682466,51.054768,102,67,31,5335,215,5,210,74,61,168,33,748,74,47,13,217,153,198,180
"389",-122.77037,48.140808,100,84,41,4245,218,15,203,51,154,154,47,516,70,21,35,198,76,77,179
"390",16.034461,59.500028,61,80,27,7442,222,-74,296,146,1,159,-32,619,74,32,27,212,102,200,128
"391",5.71417,45.19964,111,102,35,6462,264,-23,287,117,24,192,24,860,84,52,12,245,197,198,197
"392",9.865926,51.992168,84,82,33,6068,217,-26,243,161,39,161,6,729,81,48,18,231,150,231,167
"393",-79.901703,40.52038,100,123,33,8791,287,-83,370,189,-18,209,-18,990,103,60,17,302,199,292,199
"394",-71.07609,42.413092,98,107,29,8761,281,-78,359,9,210,210,-17,1114,112,80,9,311,252,252,290
"395",-96.173217,41.269071,101,121,28,10523,306,-115,421,210,-41,232,-41,756,108,15,52,303,55,289,55
"396",-2.535112,51.498574,95,72,36,4615,208,9,199,48,59,157,40,823,88,53,16,252,174,186,228
"397",-123.161489,49.273854,99,77,34,5237,225,-1,226,40,167,167,34,1267,196,36,52,550,130,130,506
"398",9.457188,53.62344,84,79,32,6028,216,-26,242,160,37,160,7,760,82,42,18,232,140,232,172
"399",-122.476873,47.477176,105,90,39,4837,234,6,228,52,167,167,47,1068,168,21,60,500,88,88,454
"400",-122.376194,47.388774,106,95,40,4882,240,7,233,51,170,170,47,1027,159,21,58,473,89,89,428
"401",16.910561,59.261316,62,72,25,7295,216,-65,281,147,1,159,-28,567,70,27,28,196,91,188,119
"402",1.53257,43.52975,129,98,37,5781,270,11,259,152,202,203,54,705,75,42,13,207,155,160,174
"403",10.040485,49.023968,80,84,32,6534,223,-38,261,162,7,162,-5,739,91,45,24,253,142,253,152
"404",-77.526707,39.134558,124,124,34,8579,308,-54,362,211,10,232,10,987,97,66,12,279,207,278,207
"405",-71.088218,42.305891,97,109,30,8751,282,-79,361,8,185,209,-18,1134,114,80,10,318,253,255,298
"406",-118.528265,34.282849,169,140,52,4463,312,45,267,122,225,231,117,429,91,0,93,245,5,12,234
"407",-76.648772,39.321663,129,116,32,8722,315,-46,361,219,15,241,15,1110,107,78,10,304,250,302,250
"408",-122.234256,47.476187,109,97,41,4933,246,12,234,53,174,174,50,1012,156,22,55,459,94,94,415
"409",-93.165756,44.898228,73,112,25,11495,288,-157,445,213,-84,213,-84,747,108,21,49,310,68,310,68
"410",6.176462,51.268696,99,77,33,5705,225,-4,229,171,57,171,26,789,78,51,12,228,164,228,188
"411",6.706119,50.398197,77,70,30,5760,199,-27,226,150,36,150,3,903,95,57,15,258,186,258,241
"412",13.391905,52.442459,91,81,29,6933,239,-34,273,177,42,177,0,564,70,33,22,185,109,185,126
"413",8.440247,49.938736,98,86,32,6507,244,-20,264,181,27,181,14,584,65,35,20,188,111,188,124
"414",9.754947,52.379864,88,82,33,6093,223,-21,244,166,43,166,10,662,73,39,18,211,133,211,145
"415",16.617261,59.659712,58,77,26,7470,217,-75,292,144,-2,157,-35,574,73,28,31,206,90,196,112
"416",8.80284,52.866711,87,80,33,5919,216,-20,236,162,42,162,11,750,84,48,17,233,148,233,171
"417",11.00041,59.430267,63,59,22,7076,201,-57,258,115,4,156,-25,781,91,40,26,262,133,227,154
"418",-118.622174,34.25036,166,139,52,4458,309,43,266,118,221,227,114,460,95,0,93,264,5,13,251
"419",10.838596,59.500602,64,60,23,7131,203,-57,260,116,5,158,-25,766,88,39,26,257,132,224,150
"420",-122.371269,47.711567,104,80,37,4734,227,14,213,52,166,166,48,983,146,24,52,431,102,104,394
"421",-87.823036,42.63784,83,95,25,9595,264,-108,372,197,-46,201,-46,856,97,31,30,285,124,284,124
"422",7.303117,47.668766,98,85,33,6278,243,-10,253,178,57,178,17,749,89,47,22,244,149,244,154
"423",10.184552,48.915321,81,85,32,6584,224,-39,263,163,7,163,-5,728,91,43,27,255,136,255,145
"424",7.178192,51.818378,95,77,33,5678,222,-7,229,167,54,167,23,803,79,48,14,229,165,229,195
"425",13.050973,52.383286,92,83,30,6892,239,-31,270,180,13,180,3,565,67,35,21,184,112,184,126
"426",-122.192608,37.313787,129,119,54,3783,253,34,219,87,176,181,87,894,176,2,86,468,13,17,468
"427",13.395038,52.437908,91,81,29,6933,239,-34,273,177,42,177,0,564,70,33,22,185,109,185,126
"428",12.999839,52.388378,92,83,30,6855,239,-30,269,180,14,180,4,561,66,34,21,182,111,182,124
"429",9.563448,48.905422,87,86,32,6464,229,-32,261,168,15,168,3,723,92,42,26,251,132,251,141
"430",-4.059527,50.282403,NA,NA,NA,NA,NA,NA,NA,NA,NA,NA,NA,NA,NA,NA,NA,NA,NA,NA,NA
"431",-75.032264,40.02527,121,112,31,8610,301,-51,352,223,8,230,8,1131,117,74,13,326,248,324,248
"432",10.291743,48.881596,78,84,32,6577,221,-41,262,160,4,160,-8,760,94,46,26,265,144,265,153
"433",37.589752,55.824322,49,76,21,9811,233,-122,355,173,-67,173,-79,682,90,33,30,244,111,244,131
"434",-96.096552,41.292637,102,119,28,10540,305,-114,419,211,-41,233,-41,753,107,15,53,302,54,287,54
"435",16.553903,56.661615,75,62,25,6556,211,-35,246,154,17,161,-6,499,59,29,23,164,88,149,111
"436",8.681645,50.189732,99,87,33,6403,245,-18,263,181,27,181,16,651,69,40,15,196,133,196,142
"437",10.332127,48.849014,75,83,31,6549,218,-43,261,158,2,158,-10,785,97,47,26,273,149,273,158
"438",-88.172226,41.35384,97,116,28,10118,294,-109,403,200,-42,220,-42,927,102,36,29,301,137,293,137
"439",-2.565,51.44278,97,71,35,4586,209,11,198,49,61,158,41,821,88,52,17,252,172,186,228
"440",-122.470627,37.789486,137,80,53,2290,214,64,150,111,157,164,106,651,136,1,88,343,9,54,342
"441",-2.607643,51.345371,95,71,35,4640,208,8,200,47,114,157,39,847,91,53,17,261,176,191,237
"442",-122.266964,37.910705,142,99,52,3203,240,53,187,100,176,181,100,668,142,1,88,357,8,12,357
"443",10.39768,49.116707,81,85,32,6630,225,-39,264,164,6,164,-6,721,88,44,24,247,138,247,148
"444",13.033802,52.384087,92,83,30,6881,239,-31,270,180,13,180,3,565,67,35,21,183,112,183,126
"445",13.045523,52.39444,92,83,30,6892,239,-31,270,180,13,180,3,565,67,35,21,184,112,184,126
"446",6.173158,51.268307,99,77,33,5705,225,-4,229,171,57,171,26,789,78,51,12,228,164,228,188
"447",9.968578,59.257358,58,57,22,6788,192,-57,249,111,0,147,-26,773,89,40,25,258,137,223,153
"448",-2.604445,51.497501,96,71,35,4618,208,10,198,48,115,157,40,848,91,54,17,261,177,191,236
"449",-2.597946,51.45963,96,71,35,4618,208,10,198,48,115,157,40,848,91,54,17,261,177,191,236
"450",-2.58602,51.438912,97,71,35,4590,210,11,199,50,61,158,42,829,89,52,17,255,173,188,231
"451",-72.559569,42.865031,75,132,32,9597,280,-132,412,125,-41,194,-55,1103,102,77,8,292,246,290,254
"452",10.539524,45.119756,128,92,29,7549,292,-17,309,135,46,223,27,819,90,52,17,247,165,196,168
"453",10.377617,48.715797,77,83,31,6615,221,-43,264,160,3,160,-10,787,99,47,27,279,146,279,154
"454",9.878002,54.169186,80,69,30,5912,209,-21,230,151,32,156,7,792,85,47,19,238,145,233,188
"455",6.38782,51.356468,101,78,33,5790,229,-4,233,174,59,174,26,786,80,49,13,227,162,227,187
"456",-73.875552,40.865764,118,92,27,8739,292,-47,339,103,4,229,4,1141,106,78,9,307,256,295,256
"457",-2.606841,51.344758,95,71,35,4640,208,8,200,47,114,157,39,847,91,53,17,261,176,191,237
"458",-79.94871,40.50968,101,123,33,8786,288,-81,369,190,-17,210,-17,973,102,59,17,297,196,287,196
"459",2.03,41.37,163,71,32,5158,279,63,216,174,107,231,101,615,89,25,31,221,120,149,124
"460",-118.05352,34.004358,182,131,54,3756,306,65,241,142,226,233,137,382,83,0,96,233,5,12,214
"461",10.263677,48.909435,77,84,32,6578,220,-42,262,160,4,160,-9,763,95,46,26,266,145,266,153
"462",4.38979,45.43421,99,95,35,6147,250,-20,270,160,20,179,20,784,86,47,21,231,147,222,147
"463",13.047885,52.392708,92,83,30,6892,239,-31,270,180,13,180,3,565,67,35,21,184,112,184,126
"464",12.91798,56.632016,76,66,26,6383,205,-44,249,151,21,160,-2,788,90,39,26,259,129,237,175
"465",-122.277415,37.91387,142,99,52,3203,240,53,187,100,176,181,100,668,142,1,88,357,8,12,357
"466",-122.523677,47.307628,105,100,42,4890,242,4,238,51,169,169,46,1075,170,21,60,505,88,88,456
"467",-119.230369,47.742965,89,127,33,8636,302,-73,375,-15,195,200,-22,264,38,11,36,100,36,44,89
"468",-77.210188,38.978263,126,120,33,8517,306,-50,356,234,13,234,13,1020,100,69,12,286,218,286,218
"469",10.577968,52.276482,88,82,32,6222,226,-23,249,167,16,167,8,620,73,38,20,202,125,202,132
"470",9.861368,52.001026,77,80,33,6033,209,-32,241,154,32,154,0,821,87,56,15,250,172,250,199
"471",6.782513,51.177944,102,82,33,5924,236,-7,243,177,60,177,25,802,85,50,13,232,168,232,190
"472",13.566055,54.44529,83,63,26,6341,210,-25,235,159,30,165,4,544,61,30,21,174,98,170,113
"473",6.09267,51.226788,99,77,33,5635,224,-3,227,170,58,170,27,786,77,51,12,226,164,226,186
"474",13.375797,52.529842,90,81,29,6934,238,-34,272,178,41,178,0,571,70,34,22,188,110,188,127
"475",10.133429,48.732418,77,84,32,6554,220,-42,262,159,4,159,-9,774,97,46,27,273,144,273,152
"476",-71.261095,42.367045,93,116,31,8857,282,-88,370,2,183,206,-24,1134,116,83,10,318,256,257,293
"477",12.358379,42.344146,146,96,34,6223,303,27,276,114,228,228,69,826,110,27,32,294,124,124,240
"478",3.01978,45.77634,85,97,38,5560,224,-26,250,138,23,156,14,769,98,43,26,247,137,233,147
"479",-75.664047,39.790847,118,108,30,8644,296,-53,349,221,5,228,5,1127,112,75,11,316,249,309,249
"480",7.651548,48.06443,99,84,32,6362,244,-14,258,180,29,180,16,765,96,43,26,260,141,260,142
"481",9.410009,48.847027,91,87,33,6420,232,-29,261,171,19,171,7,702,91,40,28,245,124,245,132
"482",-122.252251,47.560158,110,89,39,4907,242,15,227,55,175,175,51,971,154,21,57,444,89,89,401
"483",-2.5966,51.44657,97,71,35,4590,210,11,199,50,61,158,42,829,89,52,17,255,173,188,231
"484",10.149524,52.535908,88,84,33,6160,227,-22,249,167,17,167,9,648,71,39,19,208,130,208,141
"485",14.627819,50.12034,87,89,31,6968,240,-40,280,176,-3,176,-3,512,73,21,45,213,69,213,69
"486",16.545582,59.276319,62,75,26,7297,218,-67,285,146,2,159,-29,575,70,28,28,199,92,190,119
"487",-122.712117,47.067656,104,109,44,4960,248,2,246,48,168,168,44,1124,182,20,61,534,87,87,484
"488",19.590451,44.045265,108,101,33,7051,264,-36,300,178,30,195,14,877,92,58,14,260,182,238,204
"489",17.671182,59.813165,58,69,24,7499,210,-72,282,144,-4,157,-35,551,70,27,32,197,85,187,113
"490",8.715248,49.014904,99,88,33,6478,244,-20,264,181,27,181,15,728,87,46,21,235,142,235,152
"491",-93.071832,44.950574,75,112,25,11456,290,-154,444,214,-82,214,-82,758,110,21,48,310,70,310,70
"492",-79.957367,40.277153,104,126,34,8686,290,-77,367,192,-12,213,-12,974,102,60,17,296,195,289,195
"493",-76.162903,39.642258,120,113,31,8701,299,-57,356,207,17,229,4,1109,107,71,12,315,239,315,244
"494",10.20713,48.873985,73,83,32,6504,215,-44,259,155,0,155,-12,798,98,48,25,277,152,277,161
"495",10.705876,49.145279,82,86,32,6707,228,-40,268,167,7,167,-6,710,87,43,24,244,136,244,145
"496",9.873748,52.426762,88,83,33,6094,224,-21,245,166,42,166,10,662,73,39,18,211,133,211,145
"497",8.695936,49.179718,101,87,32,6511,246,-18,264,183,28,183,16,706,84,45,20,229,139,229,149
"498",-122.088301,37.72522,144,112,53,3669,255,44,211,96,184,189,96,562,115,1,86,291,7,10,291
"499",7.755931,49.804989,90,85,33,6161,229,-24,253,168,49,168,10,611,65,40,16,187,121,187,144
"500",12.568742,51.122711,86,81,31,6652,230,-31,261,171,10,171,1,550,65,31,25,192,100,192,105
